Designator,Val,Package,Mid X,Mid Y,Rotation,Layer
C1,100nF,C_0603_1608Metric,9.39,33.08,0,T
C10,100nF,C_0603_1608Metric,49.99,62.50,0,T
C11,100nF,C_0603_1608Metric,53.76,62.50,0,T
C12,100nF,C_0603_1608Metric,67.00,54.00,0,T
C13,100nF,C_0603_1608Metric,67.00,51.00,0,T
C14,100nF,C_0603_1608Metric,67.00,48.00,0,T
C15,100nF,C_0603_1608Metric,67.00,45.00,0,T
C16,100nF,C_0603_1608Metric,67.01,42.01,0,T
C17,100nF,C_0603_1608Metric,69.25,39.00,90,T
C18,100nF,C_0603_1608Metric,65.10,39.00,90,T
C19,100nF,C_0603_1608Metric,67.00,39.00,90,T
C2,100nF,C_0603_1608Metric,34.00,54.00,0,T
C20,100nF,C_0603_1608Metric,38.73,39.00,90,T
C21,100uF 25V tant,CP_EIA-7343-31_Kemet-D,30.00,73.16,0,T
C22,22uF 63V,CP_Elec_6.3x5.4,40.00,70.05,0,T
C23,470uF 25V,CP_Elec_8x10.5,26.65,94.86,0,T
C24,220uF 16V,CP_Elec_8x10.5,44.00,79.61,0,T
C25,10uF,C_0805_2012Metric,44.04,83.11,0,T
C26,100nF,C_0603_1608Metric,52.14,66.00,0,T
C27,100nF,C_0603_1608Metric,70.00,10.25,0,T
C28,100nF,C_0603_1608Metric,64.00,62.02,0,T
C29,100nF,C_0603_1608Metric,78.00,43.00,0,T
C3,100nF,C_0603_1608Metric,34.00,51.00,0,T
C30,10uF,C_0805_2012Metric,60.00,81.00,0,T
C31,470nF,C_0603_1608Metric,28.45,70.15,0,T
C32,470nF,C_0805_2012Metric,33.85,63.01,0,T
C33,100nF,C_0603_1608Metric,22.00,86.48,0,T
C34,100nF,C_0603_1608Metric,69.81,22.52,0,T
C35,100nF,C_0603_1608Metric,23.00,84.23,0,T
C36,100nF,C_0603_1608Metric,66.23,10.52,0,T
C37,100nF,C_0603_1608Metric,73.77,9.76,0,T
C38,100nF,C_0603_1608Metric,37.79,88.86,0,T
C39,10uF,C_0805_2012Metric,29.61,91.36,0,T
C4,100nF,C_0603_1608Metric,34.00,48.00,0,T
C40,22uF,C_1206_3216Metric,46.00,89.11,0,T
C41,22uF,C_1206_3216Metric,46.00,86.01,0,T
C42,10uF,C_0805_2012Metric,43.00,66.75,0,T
C5,100nF,C_0603_1608Metric,34.00,45.00,0,T
C6,100nF,C_0603_1608Metric,34.00,42.01,0,T
C7,100nF,C_0603_1608Metric,36.48,38.99,90,T
C8,100nF,C_0603_1608Metric,42.44,62.50,0,T
C9,100nF,C_0603_1608Metric,46.21,62.50,0,T
D1,LED green,LED_0603_1608Metric,28.66,21.56,0,T
D11,SS34,D_SMA,31.99,67.82,90,T
D2,LED green,LED_0603_1608Metric,36.02,12.00,0,T
D3,LED green,LED_0603_1608Metric,39.79,12.00,0,T
D4,LED green,LED_0603_1608Metric,43.57,12.00,0,T
D5,LED green,LED_0603_1608Metric,47.34,12.00,0,T
D7,LED red,LED_0603_1608Metric,35.61,26.00,0,T
D8,SS34,D_SMA,18.00,93.45,90,T
D9,SS34,D_SMA,18.00,86.55,90,T
FB1,600R @100MHz,L_0603_1608Metric,22.00,89.44,0,T
J1,JTAG,PinHeader_1x10_P2.54mm_Vertical,16.00,22.00,0,T
J10,CONSOLE,PinHeader_1x04_P2.54mm_Vertical,62.00,12.00,0,T
J2,JTAG-1.27,PinHeader_2x05_P1.27mm_Vertical,10.00,12.00,0,T
J3,EXP-A,PinHeader_2x10_P2.54mm_Vertical,52.00,13.50,0,T
J4,EXP-B,PinHeader_2x10_P2.54mm_Vertical,24.00,13.50,0,T
J5,EXP-C,PinHeader_1x10_P2.54mm_Vertical,18.00,13.50,0,T
J6,MOTOR,PinHeader_1x06_P2.54mm_Vertical,86.00,30.00,0,T
J8,USB-C,USB_C_Receptacle_HRO_TYPE-C-31-M-12,90.00,12.00,0,T
J9,7-12 V,BarrelJack_CUI_PJ-102AH_Horizontal,10.00,90.00,0,T
JP1,DTR ENABLE,PinHeader_1x02_P2.54mm_Vertical,6.00,30.00,0,T
L1,10 uH,L_Sunlord_MWSA0518_5.4x5.2mm,42.00,92.61,0,T
L2,10 uH,L_Sunlord_MWSA0518_5.4x5.2mm,31.74,82.58,0,T
Q1,2N7002,SOT-23,9.36,29.95,0,T
Q2,BC817,SOT-23,28.82,18.44,0,T
Q4,BC807,SOT-23,3.32,20.00,0,T
R1,,R_0603_1608Metric,5.61,33.79,0,T
R10,,R_1206_3216Metric,44.89,29.95,0,T
R11,,R_1206_3216Metric,50.24,28.83,0,T
R12,,R_1206_3216Metric,55.59,27.98,0,T
R13,,R_0603_1608Metric,54.23,69.98,0,T
R14,,R_0603_1608Metric,58.00,69.98,0,T
R15,,R_0603_1608Metric,61.77,69.98,0,T
R16,,R_0603_1608Metric,74.00,54.23,0,T
R17,,R_0603_1608Metric,74.00,51.98,0,T
R18,,R_0603_1608Metric,74.00,44.02,0,T
R19,10k,R_0603_1608Metric,82.00,27.00,0,T
R2,,R_0805_2012Metric,24.00,43.15,0,T
R21,0R,R_0603_1608Metric,69.61,24.77,0,T
R22,0R (or not fitted),R_0603_1608Metric,65.61,24.02,0,T
R23,0R,R_0603_1608Metric,73.58,22.63,0,T
R24,0R (or not fitted),R_0603_1608Metric,69.39,27.02,0,T
R25,,R_0603_1608Metric,12.80,30.00,0,T
R26,,R_0603_1608Metric,10.00,26.83,0,T
R27,,R_0805_2012Metric,34.53,15.00,0,T
R28,,R_0805_2012Metric,38.73,15.00,0,T
R29,,R_0805_2012Metric,42.93,15.00,0,T
R3,,R_0805_2012Metric,24.00,32.85,0,T
R30,,R_0805_2012Metric,47.13,15.00,0,T
R31,,R_1206_3216Metric,8.05,20.88,0,T
R32,,R_0603_1608Metric,22.53,27.55,0,T
R33,,R_1206_3216Metric,33.54,20.00,0,T
R34,,R_1206_3216Metric,11.82,17.78,0,T
R36,5.1k,R_0805_2012Metric,85.05,6.20,0,T
R37,5.1k,R_0805_2012Metric,89.25,6.20,0,T
R38,12.4k,R_0402_1005Metric,20.20,76.31,0,T
R39,33k,R_1206_3216Metric,21.00,73.60,0,T
R4,,R_0805_2012Metric,24.00,30.03,0,T
R40,100k,R_0603_1608Metric,20.90,70.92,0,T
R41,100k,R_0603_1608Metric,24.68,70.15,0,T
R43,100k,R_0603_1608Metric,32.00,60.53,0,T
R44,0R,R_0603_1608Metric,39.39,25.28,0,T
R45,10k,R_0603_1608Metric,23.00,81.98,0,T
R46,33k,R_1206_3216Metric,39.33,85.63,0,T
R47,10k,R_1206_3216Metric,33.90,85.37,0,T
R48,100k,R_0603_1608Metric,27.00,88.88,0,T
R49,33k,R_1206_3216Metric,28.59,86.21,0,T
R5,,R_0603_1608Metric,29.23,30.00,0,T
R6,,R_0603_1608Metric,33.00,30.00,0,T
R7,,R_0603_1608Metric,36.77,30.00,0,T
R8,,R_0603_1608Metric,39.66,27.62,0,T
R9,,R_1206_3216Metric,44.22,26.85,0,T
SW1,RESET,SW_PUSH_6mm,10.00,38.00,0,T
SW2,RECONFIG,SW_PUSH_6mm,20.00,38.00,0,T
TP1,3V3,TestPoint_Pad_D1.0mm,46.00,95.71,0,T
TP2,2V5,TestPoint_Pad_D1.0mm,41.50,73.15,0,T
TP3,1V1,TestPoint_Pad_D1.0mm,21.98,67.85,0,T
TP4,GND,TestPoint_Pad_D1.0mm,55.00,94.00,0,T
TP5,DONE,TestPoint_Pad_D1.0mm,45.75,24.15,0,T
TP6,INITN,TestPoint_Pad_D1.0mm,48.08,24.30,0,T
U1,LFE5U-12F-6TG144C,LQFP-144_20x20mm_P0.5mm,52.00,48.00,0,T
U2,W25Q64JVSSIQ,SOIC-8_5.23x5.23mm_P1.27mm,60.00,66.00,0,T
U3,W25Q64JVSSIQ,SOIC-8_5.23x5.23mm_P1.27mm,78.00,48.00,0,T
U4,CH340G,SOIC-16_3.9x9.9mm_P1.27mm,74.00,16.00,0,T
U5,AP62300TWU-7,SOT-23-6,34.00,89.00,0,T
U6,MP1584EN,SOIC-8-1EP_3.9x4.9mm_P1.27mm_EP2.41x3.3mm,26.00,78.00,0,T
U7,LP5907MFX-2.5,SOT-23-5,38.00,66.00,0,T
U8,USBLC6-2SC6,SOT-23-6,83.00,12.00,0,T
Y1,25 MHz ACTIVE XO (4-pin),Oscillator_SMD_Abracon_ASE-4Pin_3.2x2.5mm,48.00,68.00,0,T
Y2,12 MHz (CH340G clock),Crystal_HC49-4H_Vertical,70.00,8.00,0,T
