Comment,Designator,Footprint,LCSC
,"R1,R13,R14,R15,R16,R17,R18,R25,R26,R32,R5,R6,R7,R8",R_0603_1608Metric,
,"R2,R27,R28,R29,R3,R30,R4",R_0805_2012Metric,
,"R10,R11,R12,R31,R33,R34,R9",R_1206_3216Metric,
0R,"R21,R23,R44",R_0603_1608Metric,
0R (or not fitted),"R22,R24",R_0603_1608Metric,
10 uH,"L1,L2",L_Sunlord_MWSA0518_5.4x5.2mm,
100k,"R40,R41,R43,R48",R_0603_1608Metric,
100nF,"C1,C10,C11,C12,C13,C14,C15,C16,C17,C18,C19,C2,C20,C26,C27,C28,C29,C3,C33,C34,C35,C36,C37,C38,C4,C5,C6,C7,C8,C9",C_0603_1608Metric,
100uF 25V tant,C21,CP_EIA-7343-31_Kemet-D,
10k,"R19,R45",R_0603_1608Metric,
10k,R47,R_1206_3216Metric,
10uF,"C25,C30,C39,C42",C_0805_2012Metric,
12 MHz (CH340G clock),Y2,Crystal_HC49-4H_Vertical,
12.4k,R38,R_0402_1005Metric,
1V1,TP3,TestPoint_Pad_D1.0mm,
220uF 16V,C24,CP_Elec_8x10.5,
22uF,"C40,C41",C_1206_3216Metric,
22uF 63V,C22,CP_Elec_6.3x5.4,
25 MHz ACTIVE XO (4-pin),Y1,Oscillator_SMD_Abracon_ASE-4Pin_3.2x2.5mm,
2N7002,Q1,SOT-23,
2V5,TP2,TestPoint_Pad_D1.0mm,
33k,"R39,R46,R49",R_1206_3216Metric,
3V3,TP1,TestPoint_Pad_D1.0mm,
470nF,C31,C_0603_1608Metric,
470nF,C32,C_0805_2012Metric,
470uF 25V,C23,CP_Elec_8x10.5,
5.1k,"R36,R37",R_0805_2012Metric,
600R @100MHz,FB1,L_0603_1608Metric,
7-12 V,J9,BarrelJack_CUI_PJ-102AH_Horizontal,
AP62300TWU-7,U5,SOT-23-6,
BC807,Q4,SOT-23,
BC817,Q2,SOT-23,
CH340G,U4,SOIC-16_3.9x9.9mm_P1.27mm,
CONSOLE,J10,PinHeader_1x04_P2.54mm_Vertical,
DONE,TP5,TestPoint_Pad_D1.0mm,
DTR ENABLE,JP1,PinHeader_1x02_P2.54mm_Vertical,
EXP-A,J3,PinHeader_2x10_P2.54mm_Vertical,
EXP-B,J4,PinHeader_2x10_P2.54mm_Vertical,
EXP-C,J5,PinHeader_1x10_P2.54mm_Vertical,
GND,TP4,TestPoint_Pad_D1.0mm,
INITN,TP6,TestPoint_Pad_D1.0mm,
JTAG,J1,PinHeader_1x10_P2.54mm_Vertical,
JTAG-1.27,J2,PinHeader_2x05_P1.27mm_Vertical,
LED green,"D1,D2,D3,D4,D5",LED_0603_1608Metric,
LED red,D7,LED_0603_1608Metric,
LFE5U-12F-6TG144C,U1,LQFP-144_20x20mm_P0.5mm,
LP5907MFX-2.5,U7,SOT-23-5,
MOTOR,J6,PinHeader_1x06_P2.54mm_Vertical,
MP1584EN,U6,SOIC-8-1EP_3.9x4.9mm_P1.27mm_EP2.41x3.3mm,
RECONFIG,SW2,SW_PUSH_6mm,
RESET,SW1,SW_PUSH_6mm,
SS34,"D11,D8,D9",D_SMA,
USB-C,J8,USB_C_Receptacle_HRO_TYPE-C-31-M-12,
USBLC6-2SC6,U8,SOT-23-6,
W25Q64JVSSIQ,"U2,U3",SOIC-8_5.23x5.23mm_P1.27mm,
